year,genre_name,movie_count,avg_rating
2028,Action,1,
2028,Drama,1,
2028,Adventure,1,
2027,Animation,1,
2027,Crime,1,
2027,Comedy,1,
2026,Adventure,2,
2026,Action,1,
2026,Drama,1,
2026,Fantasy,1,
2026,Family,1,
2025,Adventure,5,
2025,Action,4,
2025,Comedy,4,
2025,Family,3,
2025,Fantasy,2,
2025,Sci-Fi,1,
2025,Animation,1,
2025,Horror,1,
2024,Adventure,11,
2024,Action,8,
2024,Animation,3,
2024,Sci-Fi,2,
2024,Comedy,2,
2024,Thriller,2,
2024,Family,2,
2024,Fantasy,1,
2024,History,1,
2023,Action,67,
2023,Drama,38,
2023,Adventure,35,
2023,Thriller,32,6.699999809265137
2023,Comedy,25,
2023,Sci-Fi,12,
2023,Horror,12,6.699999809265137
2023,Animation,11,
2023,Crime,11,
2023,Fantasy,10,
2023,Family,9,
2023,Mystery,6,6.699999809265137
2023,Romance,6,
2023,History,5,
2023,Biography,3,
2023,Sport,2,
2023,War,1,
2023,Western,1,
2023,Musical,1,
2022,Drama,479,6.654153841825632
2022,Action,352,6.127894717141202
2022,Thriller,295,5.712371116446466
2022,Comedy,277,6.382352920840768
2022,Crime,156,6.370588225476882
2022,Adventure,145,6.159210495258632
2022,Horror,135,5.105555555555555
2022,Romance,100,6.228358183334123
2022,Sci-Fi,67,5.434883713722229
2022,Mystery,59,5.919999992847442
2022,Animation,52,6.8346153772794285
2022,Family,52,6.456666648387909
2022,Fantasy,47,5.099999995792613
2022,Biography,33,6.983333322736952
2022,History,30,6.643750011920929
2022,War,19,5.463636354966597
2022,Music,16,6.566666550106472
2022,Sport,14,7.255555576748318
2022,Western,12,4.837499976158142
2022,Musical,11,6.3714286259242465
2021,Drama,476,6.02959831219647
2021,Action,327,5.346562497317791
2021,Thriller,283,5.3985815568173185
2021,Comedy,220,5.878538813220856
2021,Crime,210,5.93557691688721
2021,Horror,172,4.915697674418604
2021,Adventure,139,5.580147056018605
2021,Mystery,93,5.467741938047512
2021,Sci-Fi,88,4.77159091017463
2021,Romance,81,5.911111128183059
2021,Animation,55,6.2690909125588155
2021,Fantasy,46,5.882608701353488
2021,Biography,44,6.652272733775052
2021,Family,36,5.550000008414774
2021,History,28,6.5428571701049805
2021,Western,20,4.659999966621399
2021,Sport,17,6.294117675108068
2021,Musical,11,6.845454562794078
2021,Music,10,6.3000000476837155
2021,War,8,5.587500035762787
2020,Drama,349,5.936676227602371
2020,Comedy,218,5.672935790425047
2020,Action,199,5.115151519125158
2020,Thriller,170,5.073529437009026
2020,Horror,128,4.869531257078052
2020,Crime,127,5.592125990259365
2020,Adventure,111,5.349090905623003
2020,Romance,80,5.96202534059935
2020,Sci-Fi,71,4.678873261935275
2020,Mystery,69,5.694202903388203
2020,Fantasy,42,5.440476207506089
2020,Family,39,5.3307692515544405
2020,Animation,31,5.81290324272648
2020,Biography,24,6.425000031789144
2020,History,20,6.135000002384186
2020,War,17,5.30588234873379
2020,Music,14,6.1642857279096335
2020,Sport,11,5.80909089608626
2020,Western,6,4.950000007947286
2020,Musical,5,6.520000076293945
2019,Drama,466,5.997854074183452
2019,Action,294,5.465646247474515
2019,Comedy,225,5.821333340538873
2019,Crime,208,5.849038453056262
2019,Thriller,189,5.311640210883327
2019,Adventure,147,5.686394550362412
2019,Horror,130,5.051538478411161
2019,Mystery,92,5.715217385603034
2019,Romance,78,6.066666691731184
2019,Sci-Fi,61,5.063934421930157
2019,Biography,47,6.51063829787234
2019,Fantasy,46,5.510869606681492
2019,Animation,43,6.269767461821091
2019,History,39,6.315384601935362
2019,Family,30,5.253333361943563
2019,Music,15,6.6466666539510095
2019,War,13,5.392307739991408
2019,Western,11,5.009090900421143
2019,Sport,11,5.7272726405750625
2019,Musical,5,6.219999980926514
2018,Drama,405,6.057777767416872
2018,Action,271,5.43579334702439
2018,Comedy,204,5.849999994623895
2018,Thriller,176,5.398285702977861
2018,Crime,173,5.811627890481505
2018,Adventure,132,5.43257574691917
2018,Horror,123,4.939837403413726
2018,Mystery,76,5.461842094597063
2018,Romance,71,5.977464813581655
2018,Sci-Fi,70,5.208571406773158
2018,Fantasy,52,5.5365384587874775
2018,Biography,52,6.636538441364582
2018,Animation,34,6.044117650564979
2018,History,34,6.261764687650344
2018,Family,25,5.8759999847412105
2018,Music,16,6.487499982118607
2018,War,10,6.359999942779541
2018,Sport,9,6.5
2018,Western,6,4.366666595141093
2018,Musical,3,6.4666666984558105
2017,Drama,399,6.043718584218816
2017,Action,272,5.501838249757009
2017,Comedy,207,5.667149759721065
2017,Crime,173,5.779651180256245
2017,Thriller,165,5.413939380645752
2017,Adventure,139,5.391304338323897
2017,Horror,106,5.024761887959071
2017,Mystery,73,5.549999972184499
2017,Romance,70,5.8271428448813305
2017,Sci-Fi,56,4.864285720246179
2017,Biography,51,6.643137239942364
2017,Fantasy,50,5.608000020980835
2017,Animation,37,5.940540539251791
2017,History,26,6.4999999816601095
2017,Family,22,5.736363606019453
2017,War,18,6.166666679912144
2017,Music,16,5.812500029802322
2017,Western,7,5.38571424143655
2017,Sport,6,5.74999996026357
2017,Musical,6,6.416666666666667
2016,Drama,354,6.076271192165418
2016,Action,262,5.450191555352046
2016,Comedy,194,5.63556701252141
2016,Crime,153,5.798692821677214
2016,Thriller,143,5.423076920576029
2016,Adventure,131,5.47846151315249
2016,Horror,112,4.9401785624878745
2016,Romance,85,6.252941182080437
2016,Mystery,67,5.688059707186115
2016,Sci-Fi,56,5.137499979564121
2016,Fantasy,40,5.507692300356352
2016,Biography,40,6.920000040531159
2016,Animation,32,5.696874998509884
2016,Family,29,6.034482742178029
2016,History,22,6.4136363809758965
2016,Sport,15,6.753333314259847
2016,War,9,6.088888910081652
2016,Music,6,6.6000001430511475
2016,Western,4,5.225000023841858
2016,Musical,3,6.866666793823242
2016,Reality-TV,1,4.300000190734863
2015,Drama,298,6.05671140011525
2015,Action,203,5.45320195634964
2015,Comedy,168,5.766071418921153
2015,Crime,118,5.983898298215058
2015,Thriller,116,5.441379292257901
2015,Adventure,104,5.810576959298207
2015,Horror,89,4.9629213300983555
2015,Romance,68,5.936764668015873
2015,Sci-Fi,56,5.212500010217939
2015,Mystery,51,5.633333332398358
2015,Biography,39,6.651282078180557
2015,Fantasy,34,5.011764708687277
2015,Animation,21,6.257142850330898
2015,Family,21,5.4666666984558105
2015,History,18,6.700000074174669
2015,Music,12,5.8666666348775225
2015,War,7,5.657142775399344
2015,Sport,6,6.416666587193807
2015,Western,4,5.175000071525574
2015,Musical,4,6.25
2015,Game-Show,1,3.4000000953674316
2014,Drama,297,6.09191919818069
2014,Action,173,5.516763013222314
2014,Comedy,160,5.91437501758337
2014,Thriller,141,5.6475177166309765
2014,Crime,127,5.864285724503653
2014,Adventure,100,5.831000001430511
2014,Romance,82,6.024390243902439
2014,Horror,74,5.056756750957386
2014,Mystery,50,5.8180000114440915
2014,Sci-Fi,40,5.340000033378601
2014,Fantasy,36,5.316666629579332
2014,Biography,30,6.533333349227905
2014,Animation,25,6.556000022888184
2014,Family,21,5.890476158687046
2014,Music,14,6.457142898014614
2014,History,12,5.933333317438762
2014,War,12,5.866666694482167
2014,Musical,6,5.000000079472859
2014,Western,4,6.324999928474426
2014,Sport,4,5.149999976158142
2013,Drama,248,6.14314515167667
2013,Action,177,5.293220337501354
2013,Comedy,139,5.871942448101455
2013,Crime,116,5.934482761498155
2013,Thriller,111,5.411818199807947
2013,Adventure,96,5.581052637100219
2013,Horror,72,5.018055546614859
2013,Romance,67,6.0970149146976755
2013,Sci-Fi,48,5.293749998013179
2013,Fantasy,39,4.982051293055217
2013,Mystery,37,6.035135127402641
2013,Biography,29,6.7655172183595855
2013,Animation,23,5.921739142874013
2013,Family,19,5.19473681951824
2013,History,14,5.9571428298950195
2013,Western,7,5.357142789023263
2013,Music,7,6.342857156481061
2013,War,4,4.974999964237213
2013,Sport,3,6.800000031789144
2013,Musical,3,6.933333237965901
2012,Drama,232,6.206896543502808
2012,Action,160,5.473124998062849
2012,Comedy,139,5.887769782285896
2012,Crime,115,5.952173900604248
2012,Thriller,101,5.656435652534561
2012,Adventure,89,5.676404488220643
2012,Horror,69,4.866666676341623
2012,Romance,61,6.172131147540983
2012,Mystery,33,5.506060621955178
2012,Sci-Fi,32,5.403125017881393
2012,Fantasy,30,5.9300000190734865
2012,Animation,29,5.979310356337448
2012,Family,15,6.046666638056437
2012,Biography,14,6.835714306150164
2012,History,12,6.266666690508525
2012,Music,12,6.708333333333333
2012,Sport,8,6.262499988079071
2012,War,7,5.514285666601999
2012,Western,4,6.074999928474426
2012,Musical,3,6.300000031789144
2011,Drama,217,6.2304147641230285
2011,Action,153,5.696078434489132
2011,Comedy,147,5.876190485597467
2011,Crime,91,6.040659356903244
2011,Adventure,81,5.831249991059304
2011,Thriller,70,5.840000019754682
2011,Romance,55,6.254545428536155
2011,Horror,50,5.164000000953674
2011,Fantasy,39,5.494736840850429
2011,Mystery,38,6.26842104761224
2011,Sci-Fi,32,5.9187499806284904
2011,Family,24,5.40416665871938
2011,Animation,19,6.278947353363037
2011,Biography,19,6.8210526265596085
2011,History,12,5.549999952316284
2011,Sport,9,6.755555576748318
2011,Music,6,6.900000095367432
2011,War,5,4.999999904632569
2011,Western,3,4.400000015894572
2011,Musical,2,8.450000286102295
2010,Drama,202,6.250495057294865
2010,Action,135,5.66074075433943
2010,Comedy,114,5.9552631608226845
2010,Crime,109,5.945871543446812
2010,Thriller,92,5.594565223092618
2010,Adventure,59,5.95084749642065
2010,Romance,57,6.003508789497509
2010,Horror,52,5.046153857157781
2010,Mystery,27,6.118518493793629
2010,Sci-Fi,22,5.586363678628748
2010,Animation,22,6.12727275761691
2010,Fantasy,21,5.78571427436102
2010,Biography,18,6.638888862397936
2010,Family,17,5.776470619089463
2010,History,11,6.645454623482444
2010,Music,8,6.500000059604645
2010,War,4,6.799999952316284
2010,Western,3,6.699999968210856
2010,Musical,2,5.7500001192092896
2010,Sport,1,5.900000095367432
2009,Drama,207,6.173429949272082
2009,Comedy,159,5.86477989370718
2009,Action,140,5.576428539412362
2009,Crime,109,5.860550436404867
2009,Adventure,88,5.772727264599367
2009,Thriller,82,5.510975581843678
2009,Horror,67,5.152238792447902
2009,Romance,62,5.919354900237052
2009,Mystery,47,6.029787225926176
2009,Sci-Fi,38,5.426315775043086
2009,Fantasy,35,5.680000005449568
2009,Family,27,5.6777777671813965
2009,Animation,22,6.1363636309450325
2009,Biography,21,6.995238099779401
2009,History,9,6.48888882001241
2009,Music,9,6.266666677263048
2009,Sport,6,6.8666666348775225
2009,Western,4,5.600000023841858
2009,War,3,7.1333333651224775
2009,Musical,2,7.25
2008,Drama,210,6.22714284828731
2008,Comedy,135,5.591111117822153
2008,Action,125,5.774399988174438
2008,Crime,100,6.085999991893768
2008,Thriller,83,5.7265060292669085
2008,Adventure,76,5.627631563889353
2008,Romance,69,6.205797086591306
2008,Horror,56,5.221428564616612
2008,Mystery,36,5.7416666348775225
2008,Sci-Fi,31,5.4129032358046505
2008,Fantasy,24,5.72500001390775
2008,Biography,18,6.899999989403619
2008,Family,17,5.841176453758688
2008,Animation,13,6.153846153846154
2008,History,10,6.539999985694886
2008,War,9,6.377777682410346
2008,Sport,9,6.266666650772095
2008,Music,6,6.599999904632568
2008,Musical,5,5.92000002861023
2008,Western,2,5.299999952316284
2007,Drama,191,6.438743444013346
2007,Comedy,126,5.899206336528536
2007,Crime,113,6.2265486611729175
2007,Action,108,5.923148129825239
2007,Thriller,78,5.797435861367446
2007,Adventure,66,5.913636357495279
2007,Romance,62,6.262903228882821
2007,Horror,51,5.476470559251075
2007,Mystery,42,6.259523794764564
2007,Fantasy,28,6.021428542477744
2007,Animation,20,6.644999980926514
2007,Family,20,5.699999928474426
2007,Biography,19,7.1105263609635205
2007,Sci-Fi,15,5.1333332538604735
2007,History,14,6.285714319774082
2007,Sport,11,5.854545506564054
2007,Music,8,6.200000047683716
2007,Musical,5,6.199999904632568
2007,War,3,6.49999984105428
2007,Western,2,5.049999952316284
2006,Drama,195,6.400000018339891
2006,Comedy,130,5.961538456953489
2006,Action,93,5.731182780317081
2006,Crime,86,6.195348847744077
2006,Thriller,75,5.852000001271565
2006,Adventure,70,5.890000019754682
2006,Romance,57,6.171929827907629
2006,Horror,42,5.207142858278184
2006,Mystery,31,6.022580654390397
2006,Fantasy,30,5.970000012715658
2006,Biography,23,6.7000000373176904
2006,Family,23,5.5304348157799765
2006,Sci-Fi,19,6.2052631629140755
2006,Animation,17,6.205882324891932
2006,Sport,15,5.946666685740153
2006,History,9,6.811111079321967
2006,Music,7,6.371428557804653
2006,War,5,6.839999961853027
2006,Musical,4,6.324999928474426
2006,Western,2,5.5
2005,Drama,177,6.347727278416807
2005,Comedy,121,5.77685950216183
2005,Action,94,5.620430125985094
2005,Crime,81,5.998765462710534
2005,Adventure,57,5.515789441895067
2005,Romance,52,6.153846172186045
2005,Thriller,47,5.985106376891441
2005,Horror,42,5.21904760882968
2005,Mystery,28,6.074999996594021
2005,Family,26,5.876923093428979
2005,Fantasy,22,5.504545482722196
2005,Sci-Fi,17,5.6705881988300995
2005,Biography,16,6.950000017881393
2005,Sport,9,6.4666666984558105
2005,History,8,6.299999952316284
2005,Music,8,6.625
2005,Animation,7,6.200000013623919
2005,War,3,7.066666603088379
2005,Musical,3,6.433333396911621
2005,Western,2,7.0
2004,Drama,170,6.428235292434692
2004,Comedy,117,5.917094016686464
2004,Action,106,5.742452808146207
2004,Crime,71,6.14788731051163
2004,Romance,68,6.289705914609573
2004,Thriller,52,6.015384632807511
2004,Adventure,47,5.69361700910203
2004,Mystery,35,6.3171428748539515
2004,Horror,32,5.368750028312206
2004,Sci-Fi,28,5.485714299338205
2004,Fantasy,20,5.535000002384185
2004,Family,17,5.470588291392607
2004,Biography,15,6.959999942779541
2004,Animation,11,6.127272735942494
2004,Music,9,5.699999941719903
2004,Sport,6,7.083333412806193
2004,Musical,5,6.3199999809265135
2004,History,4,7.2500001192092896
2004,War,3,6.300000031789144
2004,Western,1,5.599999904632568
2003,Drama,154,6.398051947742314
2003,Comedy,117,6.0213675284997015
2003,Action,97,5.998969082979812
2003,Crime,80,6.313750004768371
2003,Adventure,64,5.896875016391277
2003,Thriller,51,5.9843137030508
2003,Romance,51,5.982352918269587
2003,Fantasy,18,5.7388889392217
2003,Horror,17,5.435294081183041
2003,Mystery,17,5.958823568680707
2003,Sci-Fi,16,5.306249991059303
2003,Family,15,5.606666692097982
2003,Biography,14,6.671428578240531
2003,Animation,10,6.4300000190734865
2003,Music,8,6.4375
2003,Musical,6,5.4333333770434065
2003,History,5,7.079999923706055
2003,Sport,4,6.3500001430511475
2003,Western,3,4.066666762034099
2003,War,2,6.599999904632568
2002,Drama,181,6.340883982115687
2002,Comedy,109,5.839814797595695
2002,Action,106,5.786666661217099
2002,Crime,87,6.090804596056883
2002,Romance,57,5.975000023841858
2002,Thriller,56,5.90535717351096
2002,Adventure,47,5.948936152965464
2002,Mystery,30,6.209999974568685
2002,Horror,22,5.509090900421143
2002,Sci-Fi,18,5.711111095216539
2002,Fantasy,15,5.539999961853027
2002,Family,14,5.69285706111363
2002,Biography,12,7.083333412806193
2002,Animation,9,6.388888888888889
2002,War,8,6.912499964237213
2002,Musical,5,6.439999961853028
2002,Music,4,6.549999952316284
2002,History,3,7.133333206176758
2002,Sport,3,5.4666666984558105
2002,Western,1,4.5
2001,Drama,160,6.309999987483025
2001,Comedy,104,6.018269233978712
2001,Action,102,5.638235307207294
2001,Crime,90,6.063333325915867
2001,Romance,65,6.2092307640956
2001,Thriller,50,5.754000000953674
2001,Adventure,43,5.6604651129522985
2001,Mystery,30,6.309999982515971
2001,Horror,27,5.3148148324754505
2001,Fantasy,21,5.6619047323862715
2001,Sci-Fi,18,5.650000029140049
2001,Animation,11,6.709090926430442
2001,Biography,9,6.644444359673394
2001,Music,9,5.82222220632765
2001,Family,8,5.524999976158142
2001,History,5,6.819999885559082
2001,War,4,7.174999952316284
2001,Musical,4,7.5000001192092896
2001,Western,3,6.0
2001,Sport,3,6.4666666984558105
2000,Drama,149,6.144966451913718
2000,Comedy,99,5.952525244818793
2000,Crime,73,6.001369858441287
2000,Action,67,5.512121193336718
2000,Romance,50,5.984000024795532
2000,Thriller,48,5.606250002980232
2000,Adventure,42,5.543902437861373
2000,Mystery,24,5.670833319425583
2000,Sci-Fi,21,4.933333340145293
2000,Fantasy,21,5.260000014305115
2000,Horror,18,5.566666695806715
2000,Animation,13,6.392307721651518
2000,Biography,13,6.730769230769231
2000,Family,12,5.1083332896232605
2000,Music,8,6.474999904632568
2000,Sport,6,6.6166666348775225
2000,Western,5,5.580000019073486
2000,History,4,7.399999976158142
2000,War,4,6.774999976158142
2000,Musical,4,6.975000023841858
1999,Drama,160,6.390000012516976
1999,Comedy,115,6.006956510958465
1999,Action,79,5.70759494998787
1999,Crime,68,6.122058826334336
1999,Romance,67,5.979104497539463
1999,Thriller,57,5.949122826258342
1999,Adventure,37,5.878378378378378
1999,Sci-Fi,25,5.160000019073486
1999,Mystery,25,6.2200000190734865
1999,Fantasy,20,6.079999995231629
1999,Horror,20,5.3299999833106995
1999,Family,13,5.723076893733098
1999,Biography,10,7.310000085830689
1999,Animation,9,6.97777779897054
1999,History,8,6.399999976158142
1999,Music,7,6.9142857279096335
1999,Sport,5,6.719999980926514
1999,War,2,6.25
1999,Western,1,6.0
1998,Drama,143,6.363636370305414
1998,Comedy,100,6.166999993324279
1998,Crime,85,6.0247058784260465
1998,Action,83,5.593975908784981
1998,Thriller,54,5.588888910081652
1998,Adventure,45,5.535555574629042
1998,Romance,44,6.259090911258351
1998,Horror,28,5.235714282308306
1998,Sci-Fi,22,5.145454547621987
1998,Mystery,20,5.694999957084656
1998,Family,15,5.240000025431315
1998,Fantasy,13,5.599999959652241
1998,Animation,9,6.555555608537462
1998,Biography,9,7.077777809566921
1998,Music,9,6.811111132303874
1998,Sport,6,6.1166666348775225
1998,War,5,7.400000095367432
1998,History,4,7.024999976158142
1998,Western,3,6.166666507720947
1998,Musical,1,7.599999904632568
1997,Drama,151,6.263999985059102
1997,Action,106,5.440952382768903
1997,Comedy,104,5.86923077244025
1997,Crime,86,5.904651167780854
1997,Thriller,54,5.794444432965031
1997,Adventure,45,5.708888922797309
1997,Romance,42,6.235714287984939
1997,Sci-Fi,25,5.36400004863739
1997,Mystery,21,6.666666666666667
1997,Family,21,5.4666666984558105
1997,Horror,19,5.615789488742226
1997,Fantasy,17,5.317647092482623
1997,Biography,8,7.062500059604645
1997,History,6,6.800000031789144
1997,Animation,5,7.180000114440918
1997,Musical,5,5.479999971389771
1997,War,4,6.649999976158142
1997,Music,3,5.9666666984558105
1997,Sport,2,4.649999976158142
1996,Drama,148,6.305442184007087
1996,Comedy,107,5.8392523270901115
1996,Action,75,5.406756768355498
1996,Crime,64,6.0703125
1996,Thriller,59,5.520338991941032
1996,Adventure,51,5.74705880763484
1996,Romance,43,6.164285705203102
1996,Sci-Fi,31,4.632258046057917
1996,Fantasy,22,5.672727259722623
1996,Family,22,5.56818180734461
1996,Horror,17,5.505882403429816
1996,Mystery,15,6.153333314259847
1996,Biography,8,6.762500047683716
1996,History,7,6.8714286259242465
1996,Sport,6,5.900000095367432
1996,Animation,5,6.480000019073486
1996,Music,4,7.024999976158142
1996,Western,3,5.233333269755046
1996,War,2,7.25
1996,Musical,2,6.099999904632568
1995,Drama,170,6.1617647227119
1995,Action,110,5.369090916893699
1995,Comedy,94,5.9393616864021785
1995,Crime,77,5.9454545757987285
1995,Thriller,61,5.460655751775523
1995,Romance,53,6.243396241709871
1995,Adventure,41,5.8024390034559294
1995,Horror,28,5.153571401323591
1995,Sci-Fi,27,4.848148151680276
1995,Family,24,5.695833295583725
1995,Fantasy,20,5.990000009536743
1995,Mystery,18,6.283333328035143
1995,Biography,8,6.850000023841858
1995,Animation,5,7.0
1995,War,5,6.900000095367432
1995,Western,5,5.500000095367431
1995,Music,3,6.833333333333333
1995,History,2,7.749999761581421
1995,Sport,1,5.5
1994,Drama,143,6.053146845810897
1994,Comedy,117,5.889743588928484
1994,Action,97,5.376288664709661
1994,Crime,72,5.851388888226615
1994,Thriller,51,5.313725494870953
1994,Romance,46,5.9695651842200235
1994,Adventure,45,5.79555557039049
1994,Family,27,5.5518518730446145
1994,Horror,19,5.610526285673442
1994,Sci-Fi,18,5.066666695806715
1994,Fantasy,15,5.679999987284343
1994,Mystery,13,5.68461535527156
1994,Biography,12,6.883333325386047
1994,Sport,10,5.869999980926513
1994,Animation,8,6.275000035762787
1994,Music,6,6.399999936421712
1994,War,3,6.8666666348775225
1994,Western,3,5.566666603088379
1994,History,2,6.75
1993,Drama,145,6.3144827448088545
1993,Action,95,5.367368381901791
1993,Comedy,83,5.809638551918857
1993,Crime,74,5.881081043062983
1993,Thriller,53,5.490565997249675
1993,Romance,38,6.084210552667317
1993,Adventure,32,5.546874970197678
1993,Sci-Fi,26,4.7961537929681635
1993,Horror,21,4.9761904421306795
1993,Mystery,20,5.85
1993,Fantasy,19,6.178947398537083
1993,Family,19,5.7210526340886165
1993,Biography,16,7.268750071525574
1993,Animation,7,7.0
1993,Music,7,6.557142802647182
1993,History,6,7.533333381017049
1993,War,3,6.5333333015441895
1993,Western,3,5.733333269755046
1993,Sport,2,7.450000047683716
1993,Musical,2,5.75
1992,Drama,125,6.332799976348877
1992,Action,76,5.515789471174541
1992,Comedy,73,5.9356164311709465
1992,Crime,64,6.181249983608723
1992,Thriller,47,5.727659570409896
1992,Romance,39,6.117948703276805
1992,Adventure,33,5.6030303059202256
1992,Horror,27,5.4666666984558105
1992,Fantasy,17,5.711764686247882
1992,Mystery,15,6.039999930063884
1992,Family,13,5.961538443198571
1992,Sci-Fi,12,5.175000051657359
1992,Biography,11,6.6181818355213515
1992,Animation,7,5.571428571428571
1992,Sport,7,6.100000040871756
1992,Music,7,6.714285714285714
1992,War,3,6.766666571299235
1992,History,2,7.299999952316284
1992,Western,2,5.849999904632568
1992,Musical,2,5.75
1991,Drama,127,6.240944879261527
1991,Action,92,5.258695643881093
1991,Comedy,88,5.956818182360042
1991,Crime,58,6.027586197030955
1991,Thriller,47,5.34893617224186
1991,Adventure,37,5.670270256094031
1991,Romance,36,6.0250000026490955
1991,Sci-Fi,30,4.8233333667119345
1991,Horror,22,4.94090910391374
1991,Fantasy,21,5.423809562410627
1991,Mystery,13,5.907692322364221
1991,Family,13,5.9076923957237835
1991,Music,10,5.979999995231628
1991,Sport,6,5.199999968210856
1991,History,5,7.3199999809265135
1991,Biography,5,7.040000057220459
1991,Animation,3,6.3666666348775225
1991,Western,3,6.600000063578288
1991,War,2,6.049999952316284
1991,Musical,1,6.699999809265137
1990,Drama,106,6.1264150997377795
1990,Action,97,5.489583343267441
1990,Comedy,86,5.827906993932502
1990,Crime,75,5.860000006357828
1990,Horror,46,5.293478255686552
1990,Thriller,45,5.913333331214057
1990,Sci-Fi,33,4.972727277062156
1990,Adventure,31,5.825806448536534
1990,Romance,27,6.011111153496636
1990,Fantasy,21,5.319047644024804
1990,Mystery,12,5.933333317438762
1990,Family,10,5.479999971389771
1990,Sport,8,5.175000041723251
1990,Biography,7,7.285714285714286
1990,Animation,5,6.5
1990,History,4,7.350000023841858
1990,War,4,6.725000023841858
1990,Western,3,6.6333333651224775
1990,Music,3,6.733333269755046
1990,Musical,1,6.400000095367432
1989,Drama,116,6.21637930541203
1989,Action,100,5.550505060138124
1989,Comedy,98,5.905102055899951
1989,Crime,80,5.72625000178814
1989,Thriller,49,5.559183680281347
1989,Horror,42,5.195238096373422
1989,Adventure,33,5.521212129881888
1989,Romance,29,6.172413751996797
1989,Sci-Fi,26,4.788461538461538
1989,Fantasy,20,5.275
1989,Mystery,15,5.953333346048991
1989,Biography,9,6.611111111111111
1989,Sport,7,5.657142911638532
1989,History,6,6.800000111262004
1989,Family,6,6.266666650772095
1989,Music,6,6.299999952316284
1989,Animation,2,6.449999809265137
1989,War,2,6.549999952316284
1989,Western,2,4.949999928474426
1989,Musical,2,6.049999952316284
1988,Drama,116,6.134482761909222
1988,Comedy,101,5.741584159360073
1988,Action,97,5.405154638683673
1988,Crime,66,5.930303031747991
1988,Horror,57,5.480701756059077
1988,Romance,41,5.865853699242196
1988,Adventure,40,5.407499986886978
1988,Thriller,32,5.759374991059303
1988,Sci-Fi,28,4.782142869063786
1988,Fantasy,28,5.967857164996011
1988,Mystery,17,5.9470588179195625
1988,Biography,8,6.762500047683716
1988,Family,8,5.5374999940395355
1988,Animation,7,6.885714258466448
1988,History,7,6.3285713876996725
1988,Sport,7,5.57142846924918
1988,War,6,5.533333381017049
1988,Music,6,6.450000047683716
1988,Musical,4,6.25
1988,Western,3,5.46666685740153
1987,Drama,119,6.085593221551281
1987,Action,101,5.316000008583069
1987,Comedy,101,5.642574253648815
1987,Crime,72,5.875000033113691
1987,Thriller,48,5.752083316445351
1987,Adventure,46,5.26304346582164
1987,Horror,46,5.476086963777957
1987,Sci-Fi,33,4.806060603170684
1987,Romance,33,6.145454536784779
1987,Fantasy,27,5.374074070541947
1987,Mystery,17,5.688235310947194
1987,Family,12,5.3363636406985195
1987,Biography,7,7.185714312962124
1987,Music,6,5.5333333015441895
1987,Animation,5,6.6800000190734865
1987,History,5,7.439999961853028
1987,War,4,7.300000071525574
1987,Musical,4,6.200000047683716
1987,Western,2,5.25
1987,Sport,1,5.800000190734863
1986,Drama,86,6.170930244201838
1986,Action,82,5.493902418671585
1986,Comedy,69,5.957971020021301
1986,Crime,49,5.902040802702611
1986,Adventure,44,5.779545448043129
1986,Thriller,43,5.686046517172525
1986,Horror,41,5.360975614408168
1986,Sci-Fi,28,5.417857101985386
1986,Romance,24,6.033333381017049
1986,Fantasy,12,5.891666690508525
1986,Mystery,9,5.833333280351427
1986,Animation,8,6.574999988079071
1986,Sport,7,6.542857101985386
1986,War,6,5.950000127156575
1986,Family,6,6.6166666348775225
1986,Music,6,5.500000079472859
1986,Biography,5,6.6800000190734865
1986,History,3,7.0
1986,Western,3,7.00000015894572
1986,Musical,2,6.349999904632568
1985,Drama,95,6.204210504732634
1985,Action,80,5.628749987483024
1985,Comedy,75,6.175999994277954
1985,Adventure,49,5.959183663738017
1985,Crime,49,5.953061215731562
1985,Thriller,31,5.7645161613341305
1985,Romance,29,6.434482755332158
1985,Sci-Fi,25,5.62399995803833
1985,Horror,24,5.387499988079071
1985,Fantasy,17,5.558823473313275
1985,Mystery,15,6.1666666030883786
1985,Family,14,6.407142792429243
1985,Biography,7,6.599999904632568
1985,Animation,5,6.439999961853028
1985,Music,5,6.019999980926514
1985,War,4,5.975000023841858
1985,Western,4,5.100000083446503
1985,History,3,5.766666730244954
1985,Sport,3,6.600000063578288
1985,Musical,1,6.199999809265137
1984,Drama,94,6.0819149068061344
1984,Action,63,5.64920635450454
1984,Comedy,63,5.939682544223846
1984,Crime,41,5.8585365690836095
1984,Thriller,32,5.6437500193715096
1984,Adventure,30,5.840000009536743
1984,Horror,27,5.5333333456957785
1984,Romance,25,5.903999996185303
1984,Sci-Fi,19,5.505263152875398
1984,Mystery,12,6.016666690508525
1984,Fantasy,11,5.800000017339533
1984,Music,11,6.327272718602961
1984,History,5,6.7600000381469725
1984,War,5,5.899999952316284
1984,Biography,4,7.599999904632568
1984,Family,4,6.25
1984,Sport,2,6.3500001430511475
1984,Musical,2,5.049999952316284
1984,Western,1,6.300000190734863
1983,Drama,78,6.220512842520689
1983,Action,49,5.502040824111627
1983,Comedy,48,5.791666686534882
1983,Crime,39,5.905128246698624
1983,Adventure,29,5.689655188856454
1983,Thriller,27,6.122222220456159
1983,Horror,23,5.682608666627304
1983,Romance,22,5.763636361468922
1983,Sci-Fi,18,5.811111105812921
1983,Fantasy,14,5.749999965940203
1983,Mystery,11,6.136363636363637
1983,Biography,6,7.166666666666667
1983,Music,5,6.3
1983,Musical,5,6.579999923706055
1983,Animation,3,6.600000063578288
1983,History,3,7.1333333651224775
1983,War,3,6.733333428700765
1983,Family,3,7.0
1983,Western,1,6.300000190734863
1983,Sport,1,5.900000095367432
1982,Drama,80,6.370000007748604
1982,Comedy,58,6.103448267640738
1982,Action,51,5.9117647012074785
1982,Crime,42,5.75000003973643
1982,Horror,36,5.566666656070286
1982,Adventure,29,6.175862049234325
1982,Thriller,23,5.734782592110012
1982,Mystery,23,5.865217416182809
1982,Sci-Fi,20,5.809999990463257
1982,Romance,17,6.252941159641042
1982,Fantasy,13,6.107692315028264
1982,Music,7,6.5857142720903665
1982,Animation,5,7.339999961853027
1982,Sport,5,5.800000095367432
1982,Biography,4,7.600000023841858
1982,Family,4,6.924999952316284
1982,Musical,3,5.199999968210856
1982,History,2,7.549999952316284
1982,War,2,6.099999904632568
1982,Western,1,6.400000095367432
1981,Drama,87,6.351724172460622
1981,Comedy,46,5.93043477638908
1981,Crime,44,6.390909135341644
1981,Action,43,5.788372084151867
1981,Horror,42,5.604761924062457
1981,Thriller,36,5.802777760558659
1981,Adventure,32,5.990624964237213
1981,Romance,23,6.039130480393119
1981,Sci-Fi,17,5.294117619009579
1981,Mystery,16,5.956250071525574
1981,Fantasy,8,5.987499952316284
1981,History,8,6.125000089406967
1981,Musical,8,6.100000023841858
1981,Biography,7,6.371428557804653
1981,Animation,4,6.9999998807907104
1981,War,4,5.824999988079071
1981,Sport,4,6.574999928474426
1981,Music,3,6.699999968210856
1981,Family,2,5.299999952316284
1981,Western,1,4.900000095367432
1980,Drama,73,6.375342453995796
1980,Comedy,49,6.23061219526797
1980,Crime,41,6.226829249684403
1980,Action,39,6.125641028086345
1980,Adventure,35,5.9457143102373395
1980,Horror,35,5.434285729272025
1980,Thriller,24,5.666666706403096
1980,Sci-Fi,19,5.263157907285188
1980,Mystery,16,6.049999982118607
1980,Romance,15,6.393333307902018
1980,Fantasy,8,5.887499988079071
1980,Biography,7,7.185714244842529
1980,Western,6,6.533333381017049
1980,Family,6,6.016666650772095
1980,Musical,6,6.099999984105428
1980,War,5,6.6
1980,Sport,4,6.849999904632568
1980,Music,4,6.225000023841858
1980,History,2,7.1000001430511475
1980,Animation,1,7.199999809265137
1979,Drama,77,6.138961058158379
1979,Action,48,5.723404245173677
1979,Comedy,44,6.086046496102976
1979,Crime,41,5.7975609593275115
1979,Adventure,39,5.625641028086345
1979,Romance,24,6.026086983473404
1979,Sci-Fi,23,5.64347827952841
1979,Thriller,21,5.380952403658912
1979,Horror,18,5.47777779897054
1979,Mystery,13,5.9692307985745945
1979,Sport,9,6.277777777777778
1979,Family,8,6.300000011920929
1979,War,6,6.183333396911621
1979,Fantasy,5,4.7399999618530275
1979,Music,5,6.159999990463257
1979,History,2,7.099999904632568
1979,Biography,2,7.349999904632568
1979,Western,2,5.799999952316284
1979,Musical,2,7.650000095367432
1978,Drama,74,6.232432429854934
1978,Action,40,5.770000022649765
1978,Crime,38,6.021052636598286
1978,Comedy,34,6.088235294117647
1978,Adventure,26,5.830769217931307
1978,Horror,23,5.44347828367482
1978,Thriller,21,5.6523809887114025
1978,Mystery,19,5.863157874659488
1978,Sci-Fi,17,5.076470613479614
1978,Romance,13,6.207692293020395
1978,Fantasy,9,5.52222220102946
1978,Family,9,6.055555555555555
1978,Music,7,6.471428666796003
1978,War,5,7.0600001335144045
1978,Animation,4,6.449999928474426
1978,History,3,6.266666571299235
1978,Biography,3,7.333333333333333
1978,Western,3,6.166666666666667
1978,Sport,3,6.766666571299235
1978,Musical,1,7.599999904632568
1977,Drama,68,6.2852941260618325
1977,Comedy,45,6.295555559794108
1977,Action,42,5.930952424094791
1977,Adventure,39,5.956410267414191
1977,Crime,35,5.800000027247838
1977,Thriller,25,5.96
1977,Horror,20,5.399999988079071
1977,Sci-Fi,15,5.053333330154419
1977,Romance,13,6.184615428631123
1977,Fantasy,11,6.263636415654963
1977,Mystery,9,6.599999957614475
1977,War,6,6.566666682561238
1977,Animation,5,6.880000019073487
1977,Biography,3,5.300000031789144
1977,Sport,3,6.566666762034099
1977,Family,3,4.833333412806193
1977,History,2,6.0
1977,Music,2,6.700000047683716
1977,Musical,2,5.0
1977,Western,1,6.099999904632568
1976,Drama,71,6.160563401772943
1976,Crime,53,6.052830192278016
1976,Action,46,5.682608682176341
1976,Comedy,39,5.707692317473582
1976,Thriller,35,5.908571434020996
1976,Adventure,34,5.52941175068126
1976,Horror,28,5.374999974455152
1976,Mystery,14,6.235714265278408
1976,Sci-Fi,12,5.01666663090388
1976,Western,11,6.318181753158569
1976,Romance,10,6.1099999904632565
1976,Family,8,6.537500083446503
1976,Fantasy,6,5.050000071525574
1976,History,3,7.766666889190674
1976,Biography,2,7.700000286102295
1976,War,2,6.450000047683716
1976,Music,1,7.300000190734863
1975,Drama,68,6.314705869730781
1975,Crime,55,5.994545442407781
1975,Action,43,5.8465116079463515
1975,Comedy,40,5.932499980926513
1975,Adventure,32,6.240625023841858
1975,Thriller,23,6.247826120127803
1975,Mystery,15,6.3199999809265135
1975,Horror,14,5.564285738127572
1975,Western,13,5.8692307472229
1975,Sci-Fi,9,5.67777779367235
1975,Romance,8,6.237499952316284
1975,Family,7,6.028571537562779
1975,History,5,6.820000076293946
1975,Biography,5,7.139999961853027
1975,War,4,7.3750001192092896
1975,Fantasy,3,6.8666666348775225
1975,Sport,2,6.8999998569488525
1975,Music,2,6.849999904632568
1975,Musical,2,7.0
1974,Drama,74,6.360273975215546
1974,Action,58,5.889473655767608
1974,Crime,55,6.227272705598311
1974,Comedy,41,6.00975609988701
1974,Thriller,39,6.21282049937126
1974,Adventure,24,6.0791666607062025
1974,Horror,18,5.755555576748318
1974,Sci-Fi,13,5.576923076923077
1974,Mystery,13,6.376923047579252
1974,Romance,13,6.346153846153846
1974,Family,9,6.277777724795872
1974,Western,8,5.949999988079071
1974,Fantasy,6,6.199999968210856
1974,Animation,3,7.0
1974,Biography,3,6.833333333333333
1974,Music,2,5.5
1974,History,1,7.099999904632568
1974,Sport,1,5.099999904632568
1974,Musical,1,5.599999904632568
1973,Drama,91,6.382417576653617
1973,Crime,68,6.189705887261559
1973,Action,53,5.820754694488813
1973,Thriller,35,5.942857156481062
1973,Comedy,28,6.457142906529563
1973,Horror,27,5.6777777671813965
1973,Adventure,19,5.431578937329744
1973,Sci-Fi,17,5.541176501442404
1973,Mystery,9,6.777777724795872
1973,Fantasy,8,6.299999892711639
1973,Western,8,6.412499964237213
1973,Romance,8,6.525000035762787
1973,History,6,6.733333269755046
1973,Biography,6,7.016666650772095
1973,Family,4,6.399999976158142
1973,Animation,2,6.650000095367432
1973,War,2,6.900000095367432
1973,Musical,2,6.8500001430511475
1973,Sport,1,6.800000190734863
1973,Music,1,4.5
1972,Drama,80,6.201265802866296
1972,Crime,51,6.025490209168079
1972,Action,40,5.865000003576279
1972,Comedy,39,5.99487182421562
1972,Horror,29,5.551724154373695
1972,Adventure,28,5.971428607191358
1972,Thriller,27,5.896296289232042
1972,Mystery,15,6.033333365122477
1972,Sci-Fi,14,5.221428530556815
1972,Western,14,6.442857129233224
1972,Romance,8,6.437499940395355
1972,Animation,5,6.5
1972,Biography,5,6.319999885559082
1972,Fantasy,4,5.9999998807907104
1972,Music,4,7.199999928474426
1972,Family,3,6.233333269755046
1972,Musical,3,7.166666666666667
1972,History,1,7.099999904632568
1972,War,1,6.699999809265137
1972,Sport,1,7.199999809265137
1971,Drama,89,6.291011220953438
1971,Crime,51,5.980392142838123
1971,Action,43,5.9046511428300725
1971,Comedy,34,6.335294078378117
1971,Thriller,29,6.158620669923979
1971,Horror,24,5.237500001986821
1971,Adventure,22,6.299999952316284
1971,Western,19,6.126315744299638
1971,Sci-Fi,16,5.231249988079071
1971,Mystery,13,5.846153791134174
1971,Romance,9,6.955555544959174
1971,Fantasy,6,6.600000063578288
1971,Biography,6,6.7833333015441895
1971,Musical,6,6.766666650772095
1971,Family,5,7.219999980926514
1971,History,4,7.324999928474426
1971,War,4,6.950000047683716
1971,Animation,2,7.25
1971,Music,1,7.400000095367432
1970,Drama,65,6.33692307472229
1970,Comedy,40,6.14750000834465
1970,Crime,30,6.280000019073486
1970,Action,28,5.835714263575418
1970,Adventure,25,5.847999982833862
1970,Western,15,6.420000012715658
1970,Romance,15,6.646666685740153
1970,Thriller,13,6.153846153846154
1970,Horror,12,5.408333381017049
1970,Fantasy,9,5.733333349227905
1970,War,9,6.6999999152289496
1970,Sci-Fi,6,5.016666650772095
1970,History,5,6.500000095367431
1970,Biography,4,6.8750001192092896
1970,Mystery,2,6.099999904632568
1970,Family,2,6.900000095367432
1970,Musical,2,6.549999952316284
1970,Animation,1,6.699999809265137
1970,Sport,1,6.900000095367432
1970,Music,1,6.099999904632568
1969,Drama,68,6.123529416673324
1969,Comedy,36,6.34444444709354
1969,Action,32,5.956249989569187
1969,Adventure,31,6.077419380987844
1969,Crime,22,5.872727307406339
1969,Thriller,18,5.9055555661519366
1969,Western,15,5.813333288828532
1969,Romance,15,6.259999958674113
1969,Sci-Fi,10,5.6699999332427975
1969,War,10,5.679999971389771
1969,Horror,7,4.942857129233224
1969,Mystery,5,5.919999980926514
1969,Family,5,6.959999942779541
1969,Fantasy,4,6.225000023841858
1969,History,4,5.724999904632568
1969,Biography,4,6.5
1969,Sport,4,5.199999988079071
1969,Musical,4,6.449999928474426
1969,Music,2,6.400000095367432
1968,Drama,58,6.177586206074419
1968,Crime,39,5.882051278383304
1968,Comedy,35,6.097142887115479
1968,Adventure,26,5.869230820582463
1968,Action,23,5.91304349899292
1968,Thriller,14,6.300000020435879
1968,Western,12,6.583333373069763
1968,Mystery,10,5.969999980926514
1968,War,10,5.980000019073486
1968,Family,10,6.600000047683716
1968,Romance,10,6.25
1968,Horror,9,5.933333343929714
1968,Sci-Fi,8,5.037500023841858
1968,Fantasy,8,6.100000023841858
1968,Musical,6,5.9666666984558105
1968,History,4,6.524999976158142
1968,Animation,2,6.8500001430511475
1968,Biography,2,7.6000001430511475
1968,Sport,1,6.5
1968,Music,1,2.200000047683716
1967,Drama,51,6.415686275444779
1967,Comedy,33,6.34848487738407
1967,Crime,29,6.34137930541203
1967,Adventure,24,5.924999972184499
1967,Action,22,5.840909112583507
1967,Thriller,15,6.2266666730244955
1967,Romance,14,6.657142843518939
1967,Sci-Fi,11,5.636363658038053
1967,Mystery,10,6.869999980926513
1967,Western,8,6.424999952316284
1967,Horror,6,6.349999904632568
1967,Musical,6,6.75
1967,Family,5,6.440000057220459
1967,History,4,6.75
1967,War,4,6.449999928474426
1967,Biography,3,7.1333333651224775
1967,Music,3,6.0333333015441895
1967,Fantasy,2,6.799999952316284
1967,Sport,1,2.299999952316284
1966,Drama,42,6.557142876443409
1966,Comedy,40,6.392500042915344
1966,Adventure,36,6.041666713025835
1966,Crime,31,6.216129041487171
1966,Action,29,5.731034476181557
1966,Western,20,6.515000057220459
1966,Romance,16,6.60000005364418
1966,Thriller,15,6.433333333333334
1966,Horror,14,5.299999977861132
1966,Sci-Fi,13,5.199999974324153
1966,Mystery,10,6.339999961853027
1966,Family,10,6.290000057220459
1966,Biography,5,7.119999885559082
1966,History,4,7.450000047683716
1966,War,4,6.325000047683716
1966,Animation,3,6.333333333333333
1966,Fantasy,2,5.950000047683716
1966,Musical,2,6.1000001430511475
1966,Sport,1,7.199999809265137
1965,Drama,47,6.802127655516279
1965,Comedy,29,6.120689655172414
1965,Adventure,23,6.182608708091404
1965,Crime,19,6.315789448587518
1965,Action,17,6.347058801090016
1965,Thriller,13,6.961538461538462
1965,War,13,7.04615383881789
1965,Romance,12,6.675000031789144
1965,Western,11,6.445454554124312
1965,Sci-Fi,9,4.811111079321967
1965,Mystery,8,6.199999988079071
1965,Musical,7,5.599999972752163
1965,Horror,6,4.866666595141093
1965,History,6,6.550000031789144
1965,Family,6,5.783333420753479
1965,Biography,4,6.700000047683716
1965,Fantasy,2,2.0500000715255737
1965,Sport,1,5.599999904632568
1964,Drama,54,6.672222216924031
1964,Comedy,30,6.4366666634877525
1964,Adventure,24,6.00833335518837
1964,Crime,24,6.587499996026357
1964,Romance,15,6.153333377838135
1964,Thriller,14,7.000000068119594
1964,Mystery,12,6.766666650772095
1964,Action,11,6.6099999904632565
1964,Western,11,6.136363636363637
1964,Horror,9,6.544444508022732
1964,History,9,6.822222179836697
1964,War,9,6.944444391462538
1964,Musical,9,6.200000021192762
1964,Sci-Fi,8,5.7874999940395355
1964,Family,7,6.214285748345511
1964,Animation,2,6.5
1964,Fantasy,2,7.5
1964,Biography,2,6.950000047683716
1964,Music,2,5.650000095367432
1964,Sport,1,5.800000190734863
1963,Drama,37,6.656756749024263
1963,Comedy,25,6.412000007629395
1963,Adventure,22,6.318181818181818
1963,Romance,16,6.300000011920929
1963,Crime,12,6.583333293596904
1963,Mystery,12,6.358333388964335
1963,Action,11,6.045454545454546
1963,Thriller,11,5.98181811246005
1963,Horror,11,5.3363635973496875
1963,Family,10,6.590000057220459
1963,Sci-Fi,6,4.5666667222976685
1963,Musical,5,6.419999980926514
1963,History,4,6.549999952316284
1963,Western,3,6.800000031789144
1963,Fantasy,2,6.099999904632568
1963,Biography,2,6.799999952316284
1963,War,2,6.6499998569488525
1963,Sport,1,7.5
1963,Music,1,5.800000190734863
1962,Drama,53,6.9423076923076925
1962,Adventure,28,6.203571430274418
1962,Comedy,20,5.999999962354961
1962,Crime,15,6.986666679382324
1962,Action,12,6.436363610354337
1962,Thriller,11,7.136363593014804
1962,Romance,9,6.655555460188124
1962,History,8,6.75
1962,Western,8,6.250000059604645
1962,War,7,6.8714286259242465
1962,Sci-Fi,6,5.666666666666667
1962,Fantasy,6,5.449999928474426
1962,Horror,6,6.450000047683716
1962,Mystery,6,6.516666650772095
1962,Biography,6,7.233333508173625
1962,Musical,5,6.4
1962,Family,4,6.8750001192092896
1962,Animation,1,6.300000190734863
1962,Sport,1,6.099999904632568
1961,Drama,41,6.926829291553032
1961,Adventure,19,5.694736832066586
1961,Crime,14,6.750000034059797
1961,Comedy,14,6.457142863954816
1961,Romance,12,6.408333281675975
1961,Sci-Fi,9,4.966666618982951
1961,Thriller,9,6.666666719648573
1961,Action,8,5.812500029802322
1961,Horror,8,5.700000017881393
1961,Mystery,7,6.685714312962124
1961,Western,7,6.614285673413958
1961,Fantasy,4,5.899999916553497
1961,Biography,4,6.600000023841858
1961,Family,4,6.174999833106995
1961,History,3,6.733333269755046
1961,Music,3,5.933333237965901
1961,Musical,3,6.433333396911621
1961,Animation,1,7.300000190734863
1961,War,1,8.300000190734863
1961,Sport,1,8.0
1960,Drama,47,6.614893598759428
1960,Crime,24,6.149999996026357
1960,Horror,15,6.3333332697550455
1960,Adventure,14,6.300000020435879
1960,Comedy,14,6.785714319774082
1960,Western,12,6.308333317438762
1960,Romance,12,6.650000015894572
1960,Thriller,9,6.3666665818956165
1960,Action,8,6.324999928474426
1960,Mystery,8,6.449999988079071
1960,History,7,6.928571428571429
1960,Sci-Fi,5,5.119999980926513
1960,Biography,5,7.320000076293946
1960,War,4,6.625
1960,Family,4,6.575000047683716
1960,Fantasy,2,5.650000095367432
1960,Musical,1,6.400000095367432
1959,Drama,52,6.523076905654027
1959,Crime,25,6.379999961853027
1959,Adventure,20,6.024999988079071
1959,Romance,19,6.515789471174541
1959,Horror,17,4.770588201635024
1959,Sci-Fi,15,4.733333285649618
1959,Action,14,5.892307739991408
1959,Thriller,13,5.676923073255098
1959,Mystery,11,6.872727264057506
1959,Western,11,6.8818181644786485
1959,Comedy,9,6.977777693006727
1959,History,7,6.285714285714286
1959,War,4,6.824999928474426
1959,Family,4,7.0
1959,Fantasy,3,5.499999920527141
1959,Biography,3,6.800000031789144
1959,Music,1,8.199999809265137
1959,Musical,1,7.0
1958,Drama,56,6.639285743236542
1958,Crime,28,6.346428573131561
1958,Romance,25,6.676000003814697
1958,Adventure,22,5.650000019506975
1958,Horror,21,5.219047659919376
1958,Sci-Fi,20,5.005000030994415
1958,Western,17,6.5529411820804375
1958,Action,16,6.368749976158142
1958,Comedy,13,6.338461527457604
1958,War,13,6.830769282120925
1958,Thriller,10,6.270000004768372
1958,Film-Noir,9,6.811111132303874
1958,Mystery,7,5.800000020435879
1958,History,6,6.683333317438762
1958,Biography,5,6.579999923706055
1958,Family,5,6.660000038146973
1958,Musical,5,6.860000038146973
1958,Fantasy,3,5.5
1958,Music,1,2.700000047683716
1957,Drama,69,6.569565171780794
1957,Adventure,34,6.270588222671957
1957,Crime,32,6.165624961256981
1957,Action,23,6.043478188307389
1957,Horror,23,5.252173890238223
1957,Sci-Fi,21,5.1952380793435236
1957,Romance,15,6.526666641235352
1957,Western,11,6.5545454892245205
1957,Comedy,10,6.979999923706055
1957,War,10,6.889999914169311
1957,Fantasy,9,5.400000015894572
1957,Family,9,6.355555640326606
1957,Thriller,8,6.399999916553497
1957,Film-Noir,8,6.412500023841858
1957,Biography,6,6.516666650772095
1957,Mystery,5,6.979999923706055
1957,Musical,5,6.8
1957,Music,4,6.299999952316284
1957,History,1,6.5
1956,Drama,55,6.720000019940463
1956,Crime,26,6.184615401121286
1956,Adventure,20,6.135000014305115
1956,Film-Noir,17,6.482352958006017
1956,Western,13,6.838461582477276
1956,Sci-Fi,12,5.87500003973643
1956,Horror,12,5.800000031789144
1956,Romance,12,6.391666690508525
1956,Action,11,6.1636363809758965
1956,Thriller,7,6.414285796029227
1956,Comedy,6,6.599999984105428
1956,History,6,6.28333334128062
1956,Mystery,5,6.259999942779541
1956,Biography,5,6.500000047683716
1956,Musical,4,6.574999928474426
1956,War,3,6.899999936421712
1956,Family,3,7.366666793823242
1956,Fantasy,2,5.799999952316284
1956,Sport,1,7.5
1955,Drama,68,6.705882352941177
1955,Crime,41,6.648780497109017
1955,Adventure,26,5.953846124502329
1955,Film-Noir,25,6.620000019073486
1955,Western,20,6.279999995231629
1955,Romance,15,6.713333320617676
1955,Action,13,6.200000029343825
1955,Sci-Fi,12,5.033333321412404
1955,Comedy,10,7.0299999713897705
1955,Horror,10,5.270000004768372
1955,History,8,6.575000047683716
1955,War,8,6.800000071525574
1955,Mystery,7,6.899999959128244
1955,Biography,6,6.4666666984558105
1955,Thriller,5,6.8199999809265135
1955,Fantasy,4,5.924999952316284
1955,Musical,4,6.7499998807907104
1955,Family,2,7.3500001430511475
1955,Music,1,6.300000190734863
1954,Drama,56,6.621428566319602
1954,Adventure,31,6.261290304122433
1954,Crime,27,6.507407418003789
1954,Romance,20,6.62000002861023
1954,Western,15,6.3533333460489905
1954,Film-Noir,15,6.373333326975504
1954,Action,14,6.157142809459141
1954,Comedy,11,6.800000017339533
1954,Sci-Fi,9,5.588888910081652
1954,Horror,8,5.637500047683716
1954,Mystery,7,6.028571469443185
1954,Thriller,6,7.3666666348775225
1954,Musical,6,6.750000079472859
1954,History,5,6.219999980926514
1954,War,5,6.7999999046325685
1954,Biography,3,6.4666666984558105
1954,Family,3,5.5333333015441895
1954,Music,3,6.833333492279053
1954,Fantasy,2,6.5
1954,Animation,1,7.199999809265137
1953,Drama,52,6.611538446866549
1953,Adventure,29,5.934482722446837
1953,Crime,25,6.791999969482422
1953,Action,17,6.105882322087007
1953,Romance,17,6.905882330501781
1953,Film-Noir,16,6.874999970197678
1953,Comedy,14,6.5428571701049805
1953,Western,13,6.50769226367657
1953,War,10,6.5699999809265135
1953,Sci-Fi,9,4.966666671964857
1953,Thriller,9,6.877777788374159
1953,Horror,6,5.1500000556310015
1953,Family,5,5.180000066757202
1953,Musical,5,7.139999961853027
1953,History,3,6.699999968210856
1953,Fantasy,2,5.549999952316284
1953,Mystery,2,6.25
1953,Biography,1,6.300000190734863
1952,Drama,42,6.723809560139974
1952,Adventure,29,6.282758614112591
1952,Crime,18,6.566666656070286
1952,Action,17,6.347058829139261
1952,Romance,15,6.920000012715658
1952,Film-Noir,13,6.946153860825759
1952,Western,12,6.524999976158142
1952,Comedy,7,7.128571442195347
1952,History,7,6.22857141494751
1952,Thriller,6,6.8666666348775225
1952,Sci-Fi,5,5.0
1952,Biography,5,6.860000038146973
1952,Family,5,5.8799999237060545
1952,Fantasy,3,5.899999936421712
1952,War,3,5.166666825612386
1952,Mystery,2,6.550000190734863
1952,Music,2,7.5
1952,Horror,1,6.300000190734863
1952,Sport,1,7.400000095367432
1952,Musical,1,8.300000190734863
1951,Drama,50,6.71800000667572
1951,Crime,28,6.6500000187328885
1951,Adventure,23,6.1999999854875645
1951,Film-Noir,19,6.863157899756181
1951,Action,16,6.19999997317791
1951,Comedy,10,6.669999980926514
1951,Western,10,6.469999980926514
1951,Romance,10,6.709999895095825
1951,War,9,6.722222222222222
1951,Sci-Fi,8,5.737499922513962
1951,Fantasy,5,5.899999952316284
1951,Family,4,7.0249998569488525
1951,Music,4,6.625
1951,Musical,4,6.974999904632568
1951,Thriller,3,7.333333333333333
1951,History,3,6.633333206176758
1951,Mystery,3,7.333333492279053
1951,Horror,2,6.3999998569488525
1951,Biography,2,7.0
1950,Drama,51,6.945098035475787
1950,Crime,40,6.889999985694885
1950,Film-Noir,32,7.074999958276749
1950,Adventure,17,6.241176436929142
1950,Action,12,6.49999996026357
1950,Comedy,10,6.909999990463257
1950,Romance,10,6.909999990463257
1950,Western,9,6.899999989403619
1950,Family,6,6.483333349227905
1950,Mystery,5,7.320000076293946
1950,Thriller,4,6.899999976158142
1950,Sci-Fi,2,5.6000001430511475
1950,Fantasy,2,6.200000047683716
1950,History,2,5.949999809265137
1950,Musical,2,7.0
1950,Biography,1,7.0
1949,Drama,44,6.8909090974114156
1949,Crime,34,6.702941193300135
1949,Film-Noir,28,6.896428568022592
1949,Adventure,15,6.246666685740153
1949,Action,13,6.30769238105187
1949,Comedy,13,6.723076930412879
1949,Romance,13,6.900000022007869
1949,Family,7,6.5428571701049805
1949,Thriller,6,7.083333412806193
1949,War,5,6.980000019073486
1949,Western,5,6.839999961853027
1949,History,4,7.0000001192092896
1949,Fantasy,3,6.100000063578288
1949,Mystery,3,7.233333428700765
1949,Musical,3,6.3666666348775225
1949,Sci-Fi,2,6.1000001430511475
1949,Horror,2,6.450000047683716
1949,Animation,1,6.900000095367432
1949,Biography,1,6.0
1949,Sport,1,7.800000190734863
1949,Music,1,5.800000190734863
1948,Drama,34,7.055882327696857
1948,Crime,28,6.874999965940203
1948,Film-Noir,20,6.899999976158142
1948,Romance,13,6.784615443303035
1948,Adventure,12,6.4083333015441895
1948,Western,11,7.054545445875688
1948,Action,8,6.687499940395355
1948,Comedy,7,7.0
1948,Mystery,7,7.27142858505249
1948,Thriller,6,6.900000015894572
1948,Horror,4,5.75
1948,Musical,3,6.733333428700765
1948,Fantasy,2,7.299999952316284
1948,History,2,6.25
1948,Biography,2,6.650000095367432
1948,War,2,6.75
1948,Family,2,6.449999809265137
1948,Music,2,7.1000001430511475
1948,Animation,1,6.199999809265137
1947,Drama,47,6.934042575511526
1947,Crime,39,6.884615409068572
1947,Film-Noir,27,6.914814825411196
1947,Adventure,16,6.431250035762787
1947,Comedy,15,6.986666711171468
1947,Romance,9,6.744444423251682
1947,Action,7,6.200000013623919
1947,Western,6,6.566666682561238
1947,Fantasy,5,6.980000019073486
1947,Mystery,5,6.880000019073487
1947,Thriller,4,7.225000023841858
1947,Family,4,7.0
1947,History,2,6.8500001430511475
1947,Musical,2,6.900000095367432
1947,Sci-Fi,1,5.900000095367432
1947,Biography,1,6.400000095367432
1946,Drama,30,7.0400000731150305
1946,Crime,21,6.723809560139974
1946,Film-Noir,17,6.958823540631463
1946,Romance,15,6.8933333396911625
1946,Adventure,12,6.316666682561238
1946,Action,9,6.266666783226861
1946,Comedy,8,6.75
1946,Mystery,7,6.457142898014614
1946,Western,5,6.979999923706055
1946,Family,5,7.2600000381469725
1946,War,4,7.2250001430511475
1946,Fantasy,3,7.666666825612386
1946,Horror,3,6.199999968210856
1946,Animation,2,6.599999904632568
1946,Thriller,1,5.0
1946,Musical,1,7.0
1945,Drama,31,6.993548393249512
1945,Film-Noir,14,7.064285721097674
1945,Crime,12,6.8833333651224775
1945,Adventure,11,6.31818186153065
1945,Romance,11,7.127272735942494
1945,Comedy,9,6.633333312140571
1945,Mystery,7,7.028571401323591
1945,Fantasy,6,6.7833333015441895
1945,Musical,6,6.6166666348775225
1945,Action,4,6.325000047683716
1945,Horror,4,7.024999976158142
1945,Thriller,3,7.100000063578288
1945,Western,3,6.300000031789144
1945,Biography,2,6.25
1945,War,2,7.049999952316284
1945,Family,2,7.549999952316284
1945,Music,2,6.400000095367432
1945,Sci-Fi,1,5.699999809265137
1944,Drama,31,6.883870924672773
1944,Crime,17,6.77058817358578
1944,Romance,10,6.540000009536743
1944,Comedy,9,7.033333407508002
1944,Mystery,9,6.988888846503364
1944,Adventure,8,6.587500035762787
1944,Film-Noir,8,7.4375
1944,Action,6,6.049999952316284
1944,War,6,7.083333253860474
1944,Fantasy,5,6.339999961853027
1944,Horror,3,5.766666571299235
1944,Family,3,7.033333460489909
1944,Thriller,2,7.0
1944,Music,2,6.849999904632568
1944,Sci-Fi,1,6.199999809265137
1944,Animation,1,6.300000190734863
1944,History,1,7.199999809265137
1944,Western,1,6.900000095367432
1944,Sport,1,7.300000190734863
1944,Musical,1,6.699999809265137
1943,Drama,19,7.015789458626195
1943,War,9,7.044444402058919
1943,Thriller,8,7.200000047683716
1943,Action,6,6.616666555404663
1943,Adventure,6,6.833333253860474
1943,Comedy,6,7.066666762034099
1943,Horror,5,6.420000076293945
1943,History,5,6.8
1943,Romance,5,7.0
1943,Film-Noir,4,7.1250001192092896
1943,Crime,3,7.300000031789144
1943,Fantasy,3,6.933333396911621
1943,Western,3,6.066666762034099
1943,Sci-Fi,2,5.950000047683716
1943,Mystery,2,6.799999952316284
1943,Family,2,6.75
1943,Musical,2,6.800000190734863
1943,Biography,1,7.599999904632568
1943,Music,1,6.400000095367432
1942,Drama,34,6.747058798285091
1942,Adventure,16,6.499999970197678
1942,Crime,14,6.499999965940203
1942,Romance,13,7.0307692014254055
1942,Action,12,6.5333333015441895
1942,Comedy,12,6.658333261807759
1942,War,8,6.937499940395355
1942,Film-Noir,5,6.640000057220459
1942,Thriller,4,6.649999976158142
1942,Mystery,4,6.574999928474426
1942,Horror,3,5.933333237965901
1942,Western,3,6.899999936421712
1942,Family,3,7.066666603088379
1942,Fantasy,2,6.299999952316284
1942,Biography,2,7.599999904632568
1942,Sci-Fi,1,6.099999904632568
1942,Animation,1,7.300000190734863
1942,Musical,1,7.0
1941,Drama,31,7.041935413114486
1941,Comedy,19,6.978947313208329
1941,Crime,15,6.726666609446208
1941,Romance,15,7.239999866485595
1941,Adventure,12,6.941666603088379
1941,Mystery,9,7.111111164093018
1941,Film-Noir,7,7.185714244842529
1941,Action,6,7.183333237965901
1941,Thriller,5,7.2
1941,Family,4,7.099999904632568
1941,Horror,3,6.399999936421712
1941,History,3,7.199999809265137
1941,Western,3,6.366666475931804
1941,Musical,3,6.666666507720947
1941,Fantasy,2,7.200000047683716
1941,Biography,2,7.449999809265137
1941,Sci-Fi,1,6.800000190734863
1941,Animation,1,7.199999809265137
1941,War,1,7.300000190734863
1941,Music,1,6.599999904632568
1940,Drama,17,7.264705910402186
1940,Adventure,14,6.592857156481061
1940,Romance,14,6.957142898014614
1940,Comedy,9,7.31111118528578
1940,Western,8,6.762500107288361
1940,Action,7,7.0857142720903665
1940,Crime,7,6.9142857279096335
1940,Fantasy,4,6.699999928474426
1940,Horror,4,6.100000023841858
1940,War,4,7.374999761581421
1940,Family,4,7.324999928474426
1940,Thriller,3,7.0333333015441895
1940,History,3,6.733333428700765
1940,Biography,3,6.400000095367432
1940,Film-Noir,3,7.199999968210856
1940,Sci-Fi,2,6.099999904632568
1940,Mystery,2,6.400000095367432
1940,Animation,1,7.699999809265137
1940,Music,1,6.800000190734863
1939,Drama,24,7.15833334128062
1939,Crime,19,6.742105283235249
1939,Comedy,19,6.868421052631579
1939,Adventure,16,6.85000005364418
1939,Romance,13,7.153846190525935
1939,Action,11,6.463636311617765
1939,Mystery,8,7.0
1939,Family,7,6.642857142857143
1939,History,5,6.740000057220459
1939,War,5,7.0
1939,Western,5,7.039999961853027
1939,Horror,4,6.574999928474426
1939,Film-Noir,3,7.333333492279053
1939,Sci-Fi,2,6.950000047683716
1939,Thriller,2,7.3500001430511475
1939,Fantasy,1,8.100000381469727
1939,Biography,1,7.5
1939,Musical,1,6.400000095367432
1938,Drama,14,6.842857156481061
1938,Crime,9,6.477777745988634
1938,Romance,7,7.1714286123003275
1938,Adventure,6,6.799999952316284
1938,Comedy,6,6.983333349227905
1938,Family,5,6.3799999237060545
1938,Action,3,7.233333428700765
1938,Western,2,5.200000047683716
1938,Film-Noir,2,7.400000095367432
1938,Thriller,1,6.099999904632568
1938,History,1,7.099999904632568
1938,Biography,1,7.199999809265137
1938,Music,1,5.099999904632568
1938,Musical,1,6.800000190734863
1937,Drama,23,6.604347809501316
1937,Crime,16,6.28125
1937,Romance,14,6.635714224406651
1937,Adventure,13,6.769230732550988
1937,Comedy,10,6.329999923706055
1937,Mystery,6,5.933333396911621
1937,Family,6,7.216666618982951
1937,Action,4,5.975000023841858
1937,Western,4,6.174999952316284
1937,Film-Noir,4,6.950000047683716
1937,Thriller,3,6.666666507720947
1937,Fantasy,2,7.3999998569488525
1937,Animation,1,7.599999904632568
1937,History,1,6.5
1937,Sport,1,5.699999809265137
1937,Music,1,6.300000190734863
1937,Musical,1,5.599999904632568
1936,Drama,18,6.783333407508002
1936,Adventure,13,6.04615383881789
1936,Comedy,12,6.916666706403096
1936,Romance,11,7.036363731731068
1936,Crime,8,6.325000047683716
1936,Mystery,6,6.349999984105428
1936,Action,4,6.024999976158142
1936,Sci-Fi,3,6.099999904632568
1936,Family,3,6.066666603088379
1936,Thriller,2,6.950000047683716
1936,Horror,2,5.200000047683716
1936,Musical,2,6.699999809265137
1936,War,1,6.599999904632568
1935,Drama,18,6.877777814865112
1935,Crime,13,6.899999985328088
1935,Mystery,7,6.885714258466448
1935,Adventure,6,6.75
1935,Comedy,6,6.949999968210856
1935,Romance,6,7.183333317438762
1935,Action,4,6.324999928474426
1935,History,4,6.899999976158142
1935,Fantasy,1,6.300000190734863
1935,Thriller,1,7.599999904632568
1935,Horror,1,6.300000190734863
1935,War,1,7.0
1935,Western,1,5.099999904632568
1935,Film-Noir,1,7.099999904632568
1935,Musical,1,7.699999809265137
1934,Drama,15,6.780000019073486
1934,Romance,14,6.428571462631226
1934,Crime,12,6.516666650772095
1934,Adventure,9,6.588888963063558
1934,Comedy,9,7.033333407508002
1934,Action,6,5.933333396911621
1934,Mystery,3,6.666666666666667
1934,Western,2,5.25
1934,Fantasy,1,7.0
1934,Family,1,7.099999904632568
1934,Musical,1,6.599999904632568
1933,Drama,16,6.731250017881393
1933,Romance,8,6.562500059604645
1933,Adventure,7,6.114285809653146
1933,Crime,7,6.257142952510288
1933,Comedy,5,7.100000095367432
1933,Action,4,6.3750001192092896
1933,Horror,4,6.200000047683716
1933,Mystery,4,6.175000071525574
1933,Musical,3,7.600000063578288
1933,Thriller,1,6.800000190734863
1933,Biography,1,7.5
1933,War,1,7.099999904632568
1933,Family,1,4.900000095367432
1932,Drama,15,6.71333335240682
1932,Crime,12,6.758333285649617
1932,Adventure,10,6.440000009536743
1932,Romance,7,6.585714340209961
1932,Action,5,6.679999923706054
1932,Comedy,5,6.719999980926514
1932,Horror,5,6.7000000953674315
1932,Film-Noir,3,7.399999936421712
1932,Sci-Fi,2,6.8500001430511475
1932,History,2,6.550000190734863
1932,Mystery,2,6.099999904632568
1932,Western,2,5.700000047683716
1932,Thriller,1,5.699999809265137
1932,War,1,6.400000095367432
1932,Music,1,6.800000190734863
1931,Drama,19,6.84210531335128
1931,Crime,16,6.787500023841858
1931,Romance,7,6.757142884390695
1931,Comedy,5,7.340000057220459
1931,Adventure,3,6.400000095367432
1931,Action,2,6.75
1931,Thriller,1,6.699999809265137
1931,Horror,1,5.5
1931,Mystery,1,6.699999809265137
1931,Western,1,5.900000095367432
1931,Film-Noir,1,7.0
1930,Drama,11,6.563636346296831
1930,Crime,6,6.350000063578288
1930,Romance,6,6.649999936421712
1930,War,3,6.6333333651224775
1930,Action,2,6.599999904632568
1930,Adventure,2,6.5
1930,Comedy,2,5.650000095367432
1930,Thriller,2,6.700000047683716
1930,Mystery,2,6.1000001430511475
1930,Fantasy,1,5.400000095367432
1930,Horror,1,6.400000095367432
1930,Western,1,7.099999904632568
1930,Music,1,6.199999809265137
1930,Musical,1,5.400000095367432
1929,Crime,5,6.439999961853028
1929,Drama,4,6.524999976158142
1929,Adventure,3,6.5
1929,Romance,3,6.233333269755046
1929,Action,2,6.25
1929,Thriller,2,6.549999952316284
1929,Musical,2,6.800000190734863
1929,Comedy,1,6.800000190734863
1929,History,1,7.0
1929,Mystery,1,6.300000190734863
1928,Drama,4,7.625
1928,Action,2,7.700000047683716
1928,Adventure,2,7.049999952316284
1928,Comedy,2,7.700000047683716
1928,Crime,1,7.5
1928,Horror,1,7.699999809265137
1928,History,1,6.599999904632568
1928,Mystery,1,7.699999809265137
1928,Family,1,7.599999904632568
1928,Film-Noir,1,7.5
1927,Drama,5,7.480000114440918
1927,Romance,2,7.700000047683716
1927,Sci-Fi,1,8.300000190734863
1927,Crime,1,7.300000190734863
1927,Horror,1,7.800000190734863
1927,Mystery,1,7.300000190734863
1927,War,1,7.599999904632568
1927,Western,1,
1927,Music,1,6.400000095367432
1927,Musical,1,6.400000095367432
1926,Action,3,7.166666507720947
1926,Adventure,3,7.299999872843425
1926,Romance,3,6.766666571299235
1926,Drama,2,6.3999998569488525
1926,Comedy,1,8.199999809265137
1926,Western,1,7.5
1925,Drama,3,7.766666571299235
1925,Adventure,2,7.599999904632568
1925,Romance,2,7.549999952316284
1925,Sci-Fi,1,7.0
1925,Crime,1,7.199999809265137
1925,Comedy,1,8.199999809265137
1925,Fantasy,1,7.0
1925,War,1,7.900000095367432
1924,Drama,3,7.700000127156575
1924,Romance,3,7.8666666348775225
1924,Action,2,7.8999998569488525
1924,Adventure,2,7.650000095367432
1924,Comedy,2,7.8999998569488525
1924,Mystery,2,7.099999904632568
1924,Crime,1,7.0
1924,Fantasy,1,8.100000381469727
1924,Thriller,1,7.800000190734863
1924,Horror,1,7.0
1923,Comedy,2,7.950000286102295
1923,Thriller,2,7.950000286102295
1923,Romance,2,7.200000047683716
1923,Action,1,8.100000381469727
1923,Adventure,1,6.599999904632568
1923,Western,1,6.599999904632568
1922,Fantasy,1,7.900000095367432
1922,Horror,1,7.900000095367432
1921,Drama,3,6.5
1921,Adventure,2,6.700000047683716
1921,Crime,1,6.099999904632568
1921,Horror,1,6.099999904632568
1921,Romance,1,6.300000190734863
1920,Drama,1,7.400000095367432
1920,Crime,1,7.400000095367432
1920,Horror,1,7.400000095367432
1919,Drama,2,7.0
1919,Adventure,1,7.0
1919,Crime,1,7.0
1919,History,1,7.0
1918,Action,1,5.800000190734863
1918,Adventure,1,5.800000190734863
1916,Action,1,6.099999904632568
1916,Adventure,1,6.099999904632568
1916,Sci-Fi,1,6.099999904632568
1915,Drama,2,6.349999904632568
1915,Crime,2,6.900000095367432
1915,Action,1,7.300000190734863
1915,Adventure,1,7.300000190734863
1915,History,1,6.199999809265137
1915,Mystery,1,6.5
1915,War,1,6.199999809265137
1914,Adventure,4,6.375
1914,Action,2,6.5
1914,Drama,2,6.700000047683716
1914,Fantasy,1,5.400000095367432
1914,History,1,7.099999904632568
1914,Biography,1,6.699999809265137
1914,Family,1,5.400000095367432
1913,Drama,1,6.900000095367432
1913,Crime,1,6.900000095367432
1906,Action,1,6.0
1906,Adventure,1,6.0
1906,Biography,1,6.0
